{
  "accuracy": 0.8283582089552238,
  "precision": 0.8571428571428571,
  "recall": 0.7027027027027027,
  "f1_score": 0.7722772277227723
}